-- MySQL dump 10.13  Distrib 5.7.21, for Win64 (x86_64)
--
-- Host: localhost    Database: oliviervermeulen
-- ------------------------------------------------------
-- Server version	5.7.21-log

/*!40101 SET @OLD_CHARACTER_SET_CLIENT=@@CHARACTER_SET_CLIENT */;
/*!40101 SET @OLD_CHARACTER_SET_RESULTS=@@CHARACTER_SET_RESULTS */;
/*!40101 SET @OLD_COLLATION_CONNECTION=@@COLLATION_CONNECTION */;
/*!40101 SET NAMES utf8 */;
/*!40103 SET @OLD_TIME_ZONE=@@TIME_ZONE */;
/*!40103 SET TIME_ZONE='+00:00' */;
/*!40014 SET @OLD_UNIQUE_CHECKS=@@UNIQUE_CHECKS, UNIQUE_CHECKS=0 */;
/*!40014 SET @OLD_FOREIGN_KEY_CHECKS=@@FOREIGN_KEY_CHECKS, FOREIGN_KEY_CHECKS=0 */;
/*!40101 SET @OLD_SQL_MODE=@@SQL_MODE, SQL_MODE='NO_AUTO_VALUE_ON_ZERO' */;
/*!40111 SET @OLD_SQL_NOTES=@@SQL_NOTES, SQL_NOTES=0 */;

--
-- Current Database: `oliviervermeulen`
--

/*!40000 DROP DATABASE IF EXISTS `oliviervermeulen`*/;

CREATE DATABASE /*!32312 IF NOT EXISTS*/ `oliviervermeulen` /*!40100 DEFAULT CHARACTER SET utf8 */;

USE `oliviervermeulen`;

--
-- Table structure for table `adressen`
--

DROP TABLE IF EXISTS `adressen`;
/*!40101 SET @saved_cs_client     = @@character_set_client */;
/*!40101 SET character_set_client = utf8 */;
CREATE TABLE `adressen` (
  `adresID` int(11) NOT NULL AUTO_INCREMENT,
  `huisnummer` int(5) NOT NULL,
  `straat` varchar(45) NOT NULL,
  `gemeente` varchar(45) NOT NULL,
  `postcode` int(4) DEFAULT NULL,
  PRIMARY KEY (`adresID`)
) ENGINE=InnoDB AUTO_INCREMENT=4 DEFAULT CHARSET=utf8;
/*!40101 SET character_set_client = @saved_cs_client */;

--
-- Dumping data for table `adressen`
--

LOCK TABLES `adressen` WRITE;
/*!40000 ALTER TABLE `adressen` DISABLE KEYS */;
INSERT INTO `adressen` VALUES (1,39,'Aambeeldstraat','Gent',9000),(2,18,'Acacialaan','Moerbeke-Waas',9180),(3,1,'Gebroeders De Smetstraat','Gent',9000);
/*!40000 ALTER TABLE `adressen` ENABLE KEYS */;
UNLOCK TABLES;

--
-- Table structure for table `eigenaars`
--

DROP TABLE IF EXISTS `eigenaars`;
/*!40101 SET @saved_cs_client     = @@character_set_client */;
/*!40101 SET character_set_client = utf8 */;
CREATE TABLE `eigenaars` (
  `eigenaarID` int(11) NOT NULL AUTO_INCREMENT,
  `naam` varchar(45) NOT NULL,
  `voornaam` varchar(45) NOT NULL,
  `telnr` int(10) NOT NULL,
  `adresID` int(11) NOT NULL,
  PRIMARY KEY (`eigenaarID`),
  KEY `fk_Eigenaars_Adressen_idx` (`adresID`),
  CONSTRAINT `fk_Eigenaars_Adressen` FOREIGN KEY (`adresID`) REFERENCES `adressen` (`adresID`) ON DELETE NO ACTION ON UPDATE NO ACTION
) ENGINE=InnoDB AUTO_INCREMENT=4 DEFAULT CHARSET=utf8;
/*!40101 SET character_set_client = @saved_cs_client */;

--
-- Dumping data for table `eigenaars`
--

LOCK TABLES `eigenaars` WRITE;
/*!40000 ALTER TABLE `eigenaars` DISABLE KEYS */;
INSERT INTO `eigenaars` VALUES (1,'Vermeulen','Olivier',491126368,1),(2,'Peeters','Peter',498765432,2),(3,'Klaas','Klaessens',491121314,3);
/*!40000 ALTER TABLE `eigenaars` ENABLE KEYS */;
UNLOCK TABLES;

--
-- Table structure for table `installaties`
--

DROP TABLE IF EXISTS `installaties`;
/*!40101 SET @saved_cs_client     = @@character_set_client */;
/*!40101 SET character_set_client = utf8 */;
CREATE TABLE `installaties` (
  `systeemID` int(11) NOT NULL AUTO_INCREMENT,
  `merk` varchar(45) NOT NULL,
  `type` varchar(45) NOT NULL,
  `serienummer` int(11) NOT NULL,
  `installatiedatum` date NOT NULL,
  `vermogen` float NOT NULL,
  `adresID` int(11) NOT NULL,
  `eigenaarID` int(11) NOT NULL,
  PRIMARY KEY (`systeemID`),
  KEY `fk_Systemen_Adressen1_idx` (`adresID`),
  KEY `fk_Systemen_Eigenaars1_idx` (`eigenaarID`),
  CONSTRAINT `fk_Systemen_Adressen1` FOREIGN KEY (`adresID`) REFERENCES `adressen` (`adresID`) ON DELETE NO ACTION ON UPDATE NO ACTION,
  CONSTRAINT `fk_Systemen_Eigenaars1` FOREIGN KEY (`eigenaarID`) REFERENCES `eigenaars` (`eigenaarID`) ON DELETE NO ACTION ON UPDATE NO ACTION
) ENGINE=InnoDB AUTO_INCREMENT=4 DEFAULT CHARSET=utf8;
/*!40101 SET character_set_client = @saved_cs_client */;

--
-- Dumping data for table `installaties`
--

LOCK TABLES `installaties` WRITE;
/*!40000 ALTER TABLE `installaties` DISABLE KEYS */;
INSERT INTO `installaties` VALUES (1,'SunTech','Sunburst',123,'2017-12-25',3,3,1),(2,'SUNNY BOY','SB5.0',120,'2017-07-30',5,2,2),(3,'Canadian Solar','Eh',900,'2018-04-20',10,1,3);
/*!40000 ALTER TABLE `installaties` ENABLE KEYS */;
UNLOCK TABLES;

--
-- Table structure for table `metingen`
--

DROP TABLE IF EXISTS `metingen`;
/*!40101 SET @saved_cs_client     = @@character_set_client */;
/*!40101 SET character_set_client = utf8 */;
CREATE TABLE `metingen` (
  `datum` date NOT NULL,
  `tijdstip` time NOT NULL,
  `meting` float DEFAULT NULL,
  `systeemID` int(11) NOT NULL,
  PRIMARY KEY (`datum`,`tijdstip`,`systeemID`),
  KEY `fk_Metingen_Systemen1_idx` (`systeemID`),
  CONSTRAINT `fk_Metingen_Systemen1` FOREIGN KEY (`systeemID`) REFERENCES `installaties` (`systeemID`) ON DELETE NO ACTION ON UPDATE NO ACTION
) ENGINE=InnoDB DEFAULT CHARSET=utf8;
/*!40101 SET character_set_client = @saved_cs_client */;

--
-- Dumping data for table `metingen`
--

LOCK TABLES `metingen` WRITE;
/*!40000 ALTER TABLE `metingen` DISABLE KEYS */;
INSERT INTO `metingen` VALUES ('2018-05-22','00:00:00',NULL,1),('2018-05-22','00:00:00',NULL,2),('2018-05-22','00:00:00',NULL,3),('2018-05-22','00:15:00',NULL,1),('2018-05-22','00:15:00',NULL,2),('2018-05-22','00:15:00',NULL,3),('2018-05-22','00:30:00',NULL,1),('2018-05-22','00:30:00',NULL,2),('2018-05-22','00:30:00',NULL,3),('2018-05-22','00:45:00',NULL,1),('2018-05-22','00:45:00',NULL,2),('2018-05-22','00:45:00',NULL,3),('2018-05-22','01:00:00',NULL,1),('2018-05-22','01:00:00',NULL,2),('2018-05-22','01:00:00',NULL,3),('2018-05-22','01:15:00',NULL,1),('2018-05-22','01:15:00',NULL,2),('2018-05-22','01:15:00',NULL,3),('2018-05-22','01:30:00',NULL,1),('2018-05-22','01:30:00',NULL,2),('2018-05-22','01:30:00',NULL,3),('2018-05-22','01:45:00',NULL,1),('2018-05-22','01:45:00',NULL,2),('2018-05-22','01:45:00',NULL,3),('2018-05-22','02:00:00',NULL,1),('2018-05-22','02:00:00',NULL,2),('2018-05-22','02:00:00',NULL,3),('2018-05-22','02:15:00',NULL,1),('2018-05-22','02:15:00',NULL,2),('2018-05-22','02:15:00',NULL,3),('2018-05-22','02:30:00',NULL,1),('2018-05-22','02:30:00',NULL,2),('2018-05-22','02:30:00',NULL,3),('2018-05-22','02:45:00',NULL,1),('2018-05-22','02:45:00',NULL,2),('2018-05-22','02:45:00',NULL,3),('2018-05-22','03:00:00',NULL,1),('2018-05-22','03:00:00',NULL,2),('2018-05-22','03:00:00',NULL,3),('2018-05-22','03:15:00',NULL,1),('2018-05-22','03:15:00',NULL,2),('2018-05-22','03:15:00',NULL,3),('2018-05-22','03:30:00',NULL,1),('2018-05-22','03:30:00',NULL,2),('2018-05-22','03:30:00',NULL,3),('2018-05-22','03:45:00',NULL,1),('2018-05-22','03:45:00',NULL,2),('2018-05-22','03:45:00',NULL,3),('2018-05-22','04:00:00',NULL,1),('2018-05-22','04:00:00',NULL,2),('2018-05-22','04:00:00',NULL,3),('2018-05-22','04:15:00',NULL,1),('2018-05-22','04:15:00',NULL,2),('2018-05-22','04:15:00',NULL,3),('2018-05-22','04:30:00',NULL,1),('2018-05-22','04:30:00',NULL,2),('2018-05-22','04:30:00',NULL,3),('2018-05-22','04:45:00',NULL,1),('2018-05-22','04:45:00',NULL,2),('2018-05-22','04:45:00',NULL,3),('2018-05-22','05:00:00',NULL,1),('2018-05-22','05:00:00',NULL,2),('2018-05-22','05:00:00',NULL,3),('2018-05-22','05:15:00',NULL,1),('2018-05-22','05:15:00',NULL,2),('2018-05-22','05:15:00',NULL,3),('2018-05-22','05:30:00',NULL,1),('2018-05-22','05:30:00',NULL,2),('2018-05-22','05:30:00',NULL,3),('2018-05-22','05:45:00',0,1),('2018-05-22','05:45:00',0,2),('2018-05-22','05:45:00',0,3),('2018-05-22','06:00:00',0,1),('2018-05-22','06:00:00',0,2),('2018-05-22','06:00:00',0,3),('2018-05-22','06:15:00',1.014,1),('2018-05-22','06:15:00',2.014,2),('2018-05-22','06:15:00',2.014,3),('2018-05-22','06:30:00',1.024,1),('2018-05-22','06:30:00',2.024,2),('2018-05-22','06:30:00',2.024,3),('2018-05-22','06:45:00',1.071,1),('2018-05-22','06:45:00',2.071,2),('2018-05-22','06:45:00',2.071,3),('2018-05-22','07:00:00',1.134,1),('2018-05-22','07:00:00',2.134,2),('2018-05-22','07:00:00',2.134,3),('2018-05-22','07:15:00',1.174,1),('2018-05-22','07:15:00',2.174,2),('2018-05-22','07:15:00',2.174,3),('2018-05-22','07:30:00',1.192,1),('2018-05-22','07:30:00',2.192,2),('2018-05-22','07:30:00',2.192,3),('2018-05-22','07:45:00',1.195,1),('2018-05-22','07:45:00',2.195,2),('2018-05-22','07:45:00',2.195,3),('2018-05-22','08:00:00',1.201,1),('2018-05-22','08:00:00',2.201,2),('2018-05-22','08:00:00',2.201,3),('2018-05-22','08:15:00',1.236,1),('2018-05-22','08:15:00',2.236,2),('2018-05-22','08:15:00',2.236,3),('2018-05-22','08:30:00',1.25,1),('2018-05-22','08:30:00',2.25,2),('2018-05-22','08:30:00',2.25,3),('2018-05-22','08:45:00',1.35,1),('2018-05-22','08:45:00',2.35,2),('2018-05-22','08:45:00',2.35,3),('2018-05-22','09:00:00',1.578,1),('2018-05-22','09:00:00',2.578,2),('2018-05-22','09:00:00',2.578,3),('2018-05-22','09:15:00',1.621,1),('2018-05-22','09:15:00',2.621,2),('2018-05-22','09:15:00',2.621,3),('2018-05-22','09:30:00',1.757,1),('2018-05-22','09:30:00',2.757,2),('2018-05-22','09:30:00',2.757,3),('2018-05-22','09:45:00',1.05,1),('2018-05-22','09:45:00',1.05,2),('2018-05-22','09:45:00',5.05,3),('2018-05-22','10:00:00',1.3,1),('2018-05-22','10:00:00',1.3,2),('2018-05-22','10:00:00',5.3,3),('2018-05-22','10:15:00',1.56,1),('2018-05-22','10:15:00',1.56,2),('2018-05-22','10:15:00',5.56,3),('2018-05-22','10:30:00',1.54,1),('2018-05-22','10:30:00',1.54,2),('2018-05-22','10:30:00',5.54,3),('2018-05-22','10:45:00',1.45,1),('2018-05-22','10:45:00',1.45,2),('2018-05-22','10:45:00',5.45,3),('2018-05-22','11:00:00',1.1,1),('2018-05-22','11:00:00',2.1,2),('2018-05-22','11:00:00',8.1,3),('2018-05-22','11:15:00',1.405,1),('2018-05-22','11:15:00',2.405,2),('2018-05-22','11:15:00',8.405,3),('2018-05-22','11:30:00',1.504,1),('2018-05-22','11:30:00',2.504,2),('2018-05-22','11:30:00',8.504,3),('2018-05-22','11:45:00',1.588,1),('2018-05-22','11:45:00',2.588,2),('2018-05-22','11:45:00',8.588,3),('2018-05-22','12:00:00',1.765,1),('2018-05-22','12:00:00',2.765,2),('2018-05-22','12:00:00',8.765,3),('2018-05-22','12:15:00',1.97,1),('2018-05-22','12:15:00',2.97,2),('2018-05-22','12:15:00',8.97,3),('2018-05-22','12:30:00',2.02,1),('2018-05-22','12:30:00',3.02,2),('2018-05-22','12:30:00',10.02,3),('2018-05-22','12:45:00',2.188,1),('2018-05-22','12:45:00',3.188,2),('2018-05-22','12:45:00',10.188,3),('2018-05-22','13:00:00',2.234,1),('2018-05-22','13:00:00',3.234,2),('2018-05-22','13:00:00',10.234,3),('2018-05-22','13:15:00',2.355,1),('2018-05-22','13:15:00',3.355,2),('2018-05-22','13:15:00',10.355,3),('2018-05-22','13:30:00',2.289,1),('2018-05-22','13:30:00',3.289,2),('2018-05-22','13:30:00',10.289,3),('2018-05-22','13:45:00',2.256,1),('2018-05-22','13:45:00',3.256,2),('2018-05-22','13:45:00',10.256,3),('2018-05-22','14:00:00',2.588,1),('2018-05-22','14:00:00',3.588,2),('2018-05-22','14:00:00',10.588,3),('2018-05-22','14:15:00',2.08,1),('2018-05-22','14:15:00',3.08,2),('2018-05-22','14:15:00',10.08,3),('2018-05-22','14:30:00',2.75,1),('2018-05-22','14:30:00',3.75,2),('2018-05-22','14:30:00',10.75,3),('2018-05-22','14:45:00',2,1),('2018-05-22','14:45:00',3,2),('2018-05-22','14:45:00',10,3),('2018-05-22','15:00:00',2.9,1),('2018-05-22','15:00:00',3.9,2),('2018-05-22','15:00:00',10.9,3),('2018-05-22','15:15:00',2.88,1),('2018-05-22','15:15:00',3.88,2),('2018-05-22','15:15:00',10.88,3),('2018-05-22','15:30:00',2.34,1),('2018-05-22','15:30:00',3.34,2),('2018-05-22','15:30:00',10.34,3),('2018-05-22','15:45:00',2.8,1),('2018-05-22','15:45:00',3.8,2),('2018-05-22','15:45:00',10.8,3),('2018-05-22','16:00:00',2.52,1),('2018-05-22','16:00:00',3.52,2),('2018-05-22','16:00:00',10.52,3),('2018-05-22','16:15:00',2.465,1),('2018-05-22','16:15:00',3.465,2),('2018-05-22','16:15:00',10.465,3),('2018-05-22','16:30:00',2.377,1),('2018-05-22','16:30:00',3.377,2),('2018-05-22','16:30:00',10.377,3),('2018-05-22','16:45:00',2.45,1),('2018-05-22','16:45:00',3.45,2),('2018-05-22','16:45:00',10.45,3),('2018-05-22','17:00:00',1.212,1),('2018-05-22','17:00:00',2.212,2),('2018-05-22','17:00:00',8.212,3),('2018-05-22','17:15:00',2.25,1),('2018-05-22','17:15:00',3.25,2),('2018-05-22','17:15:00',10.25,3),('2018-05-22','17:30:00',2.422,1),('2018-05-22','17:30:00',3.422,2),('2018-05-22','17:30:00',10.422,3),('2018-05-22','17:45:00',2.196,1),('2018-05-22','17:45:00',3.196,2),('2018-05-22','17:45:00',10.196,3),('2018-05-22','18:00:00',1.81,1),('2018-05-22','18:00:00',2.81,2),('2018-05-22','18:00:00',8.81,3),('2018-05-22','18:15:00',1.587,1),('2018-05-22','18:15:00',2.587,2),('2018-05-22','18:15:00',8.587,3),('2018-05-22','18:30:00',1.457,1),('2018-05-22','18:30:00',2.457,2),('2018-05-22','18:30:00',8.457,3),('2018-05-22','18:45:00',1.53,1),('2018-05-22','18:45:00',2.53,2),('2018-05-22','18:45:00',8.53,3),('2018-05-22','19:00:00',1.334,1),('2018-05-22','19:00:00',2.334,2),('2018-05-22','19:00:00',8.334,3),('2018-05-22','19:15:00',1.11,1),('2018-05-22','19:15:00',2.11,2),('2018-05-22','19:15:00',8.11,3),('2018-05-22','19:30:00',1.007,1),('2018-05-22','19:30:00',2.007,2),('2018-05-22','19:30:00',8.007,3),('2018-05-22','19:45:00',1.987,1),('2018-05-22','19:45:00',1.987,2),('2018-05-22','19:45:00',5.987,3),('2018-05-22','20:00:00',1.864,1),('2018-05-22','20:00:00',1.864,2),('2018-05-22','20:00:00',5.864,3),('2018-05-22','20:15:00',1.678,1),('2018-05-22','20:15:00',1.678,2),('2018-05-22','20:15:00',5.678,3),('2018-05-22','20:30:00',1.753,1),('2018-05-22','20:30:00',1.753,2),('2018-05-22','20:30:00',5.753,3),('2018-05-22','20:45:00',1.504,1),('2018-05-22','20:45:00',1.504,2),('2018-05-22','20:45:00',5.504,3),('2018-05-22','21:00:00',1.35,1),('2018-05-22','21:00:00',1.35,2),('2018-05-22','21:00:00',5.35,3),('2018-05-22','21:15:00',1.457,1),('2018-05-22','21:15:00',1.457,2),('2018-05-22','21:15:00',5.457,3),('2018-05-22','21:30:00',1.05,1),('2018-05-22','21:30:00',1.05,2),('2018-05-22','21:30:00',5.05,3),('2018-05-22','21:45:00',0.862,1),('2018-05-22','21:45:00',0.862,2),('2018-05-22','21:45:00',1.862,3),('2018-05-22','22:00:00',0.61,1),('2018-05-22','22:00:00',0.61,2),('2018-05-22','22:00:00',1.61,3),('2018-05-22','22:15:00',0.241,1),('2018-05-22','22:15:00',0.241,2),('2018-05-22','22:15:00',1.241,3),('2018-05-22','22:30:00',0.036,1),('2018-05-22','22:30:00',0.036,2),('2018-05-22','22:30:00',1.036,3),('2018-05-22','22:45:00',0.007,1),('2018-05-22','22:45:00',0.007,2),('2018-05-22','22:45:00',1.007,3),('2018-05-22','23:00:00',0,1),('2018-05-22','23:00:00',0,2),('2018-05-22','23:00:00',0,3),('2018-05-22','23:15:00',0,1),('2018-05-22','23:15:00',NULL,2),('2018-05-22','23:15:00',NULL,3),('2018-05-22','23:30:00',0,1),('2018-05-22','23:30:00',NULL,2),('2018-05-22','23:30:00',NULL,3),('2018-05-22','23:45:00',0,1),('2018-05-22','23:45:00',NULL,2),('2018-05-22','23:45:00',NULL,3);
/*!40000 ALTER TABLE `metingen` ENABLE KEYS */;
UNLOCK TABLES;
/*!40103 SET TIME_ZONE=@OLD_TIME_ZONE */;

/*!40101 SET SQL_MODE=@OLD_SQL_MODE */;
/*!40014 SET FOREIGN_KEY_CHECKS=@OLD_FOREIGN_KEY_CHECKS */;
/*!40014 SET UNIQUE_CHECKS=@OLD_UNIQUE_CHECKS */;
/*!40101 SET CHARACTER_SET_CLIENT=@OLD_CHARACTER_SET_CLIENT */;
/*!40101 SET CHARACTER_SET_RESULTS=@OLD_CHARACTER_SET_RESULTS */;
/*!40101 SET COLLATION_CONNECTION=@OLD_COLLATION_CONNECTION */;
/*!40111 SET SQL_NOTES=@OLD_SQL_NOTES */;

-- Dump completed on 2018-05-25  3:01:29
